tag,step,tokens_seen,train_loss,val_loss,lr,elapsed_s
control,0,65536,10.852272033691406,10.846122999191284,0.0,76.4
control,100,6619136,6.787701606750488,6.937977652549744,0.0005,369.8
control,200,13172736,5.576773166656494,6.154304575920105,0.0005994337630841821,651.1
control,300,19726336,4.791341304779053,5.796156287193298,0.0005971374954338161,932.1
control,400,26279936,4.206005096435547,5.592865009307861,0.0005930908416546699,1212.8
control,500,32833536,3.704918622970581,5.562432317733765,0.0005873203169561923,1493.7
control,600,39387136,3.2233059406280518,5.660284028053284,0.00057986373200353,1774.8
control,700,45940736,2.7216320037841797,5.810387644767761,0.0005707699451677178,2055.7
control,800,52494336,2.197713851928711,6.090741481781006,0.0005600985423871115,2337.1
control,900,59047936,1.731203317642212,6.490347805023194,0.0005479194467377344,2618.6
control,1000,65601536,1.3090050220489502,6.92057017326355,0.0005343124602707775,2900.0
control,1100,72155136,0.9048068523406982,7.301182403564453,0.0005193667411193127,3181.6
control,1200,78708736,0.5993756055831909,7.64316412448883,0.0005031802193004077,3463.1
control,1300,85262336,0.406215637922287,7.964557418823242,0.0004858589550405352,3744.6
control,1400,91815936,0.30011627078056335,8.283171620368957,0.00046751644382876596,4026.3
control,1500,98369536,0.2184692919254303,8.56683964729309,0.00044827287275130416,4307.7
control,1600,104923136,0.17871931195259094,8.770816621780396,0.0004282543329801416,4589.2
control,1700,111476736,0.14636744558811188,8.951038570404053,0.0004075919935759036,4870.7
control,1800,118030336,0.16852669417858124,9.120867805480957,0.00038642124201844426,5152.1
control,1900,124583936,0.1579611897468567,9.280302028656006,0.0003648807970967597,5433.3
control,2000,131137536,0.12675738334655762,9.45660885810852,0.000343111799970901,5714.6
control,2100,137691136,0.07564008980989456,9.585199022293091,0.00032125688936159393,5995.9
control,2200,144244736,0.05598694086074829,9.6774614238739,0.0002994592669272732,6277.1
control,2300,150798336,0.04501801356673241,9.814118900299071,0.00027786175895253625,6558.4
control,2400,157351936,0.03843630850315094,9.94308663368225,0.0002566058804961874,6839.8
control,2500,163905536,0.028956139460206032,10.04024130821228,0.00023583090813093172,7121.0
control,2600,170459136,0.0262192040681839,10.147912502288818,0.00021567296735047772,7402.5
control,2700,177012736,0.024109285324811935,10.237377834320068,0.00019626414062370344,7684.1
control,2800,183566336,0.02426328882575035,10.370842399597167,0.00017773160194025522,7965.3
control,2900,190119936,0.07283765822649002,10.490330076217651,0.00016019678351836194,8246.3
control,3000,196673536,0.012948689982295036,10.484975891113281,0.0001437745801349118,8527.3
control,3100,203227136,0.012891358695924282,10.53298789024353,0.00012857259629132353,8808.2
control,3200,209780736,0.011433633975684643,10.565241842269897,0.00011469044114806543,9089.3
control,3300,216334336,0.009683449752628803,10.604739542007446,0.0001022190758476788,9370.5
control,3400,222887936,0.010807530954480171,10.64192855834961,9.124021750289365e-05,9651.7
control,3500,229441536,0.007528703659772873,10.711174030303955,8.182580375513073e-05,9932.9
control,3600,235995136,0.00793885625898838,10.790159635543823,7.403752141180698e-05,10213.9
control,3700,242548736,0.007207853253930807,10.86193120956421,6.792640225099102e-05,10495.0
control,3800,249102336,0.006865655072033405,10.907469968795777,6.35324886418495e-05,10776.4
control,3900,255655936,0.006452808156609535,10.925761976242065,6.088457117186626e-05,11057.8
control,3999,262144000,0.00867653451859951,10.987024116516114,6.000008850545498e-05,11336.3
control,final,262144000,,10.987024116516114,,11373.3
